{"stats":{"minecraft:crafted":{"minecraft:oak_planks":8,"minecraft:stick":8,"farmersdelight:tomato_sauce":1,"farmersdelight:tomato":36,"farmersdelight:onion":9},"minecraft:picked_up":{"minecraft:allium":3,"farmersdelight:onion_crate":1,"minecraft:raw_iron":7,"minecraft:crafting_table":2,"apotheosis:gem":4,"farmersdelight:tomato_sauce":1,"minecraft:oak_log":2,"minecraft:dirt":2,"minecraft:item_frame":4,"farmersdelight:tomato_crate":4,"minecraft:wheat_seeds":2,"farmersdelight:onion":2,"minecraft:hay_block":4,"alexsmobs:maggot":2,"minecraft:cobblestone":3},"minecraft:custom":{"minecraft:time_since_rest":7981,"lootr:looted_stat":1,"minecraft:sprint_one_cm":47692,"minecraft:damage_taken":726,"minecraft:walk_one_cm":33240,"minecraft:mob_kills":3,"minecraft:drop":9,"minecraft:damage_dealt":171,"minecraft:interact_with_crafting_table":1,"minecraft:fly_one_cm":93683,"minecraft:crouch_one_cm":461,"minecraft:play_time":23849,"minecraft:deaths":2,"minecraft:sneak_time":475,"minecraft:jump":180,"minecraft:leave_game":1,"minecraft:walk_on_water_one_cm":26,"minecraft:time_since_death":7947,"minecraft:interact_with_smoker":1,"minecraft:climb_one_cm":643,"minecraft:total_world_time":23849,"minecraft:fall_one_cm":7697},"minecraft:killed":{"alexsmobs:fly":3},"minecraft:killed_by":{"born_in_chaos_v1:corpse_fly":2},"minecraft:mined":{"farmersdelight:wild_onions":1,"minecraft:hay_block":4,"farmersdelight:onions":1,"minecraft:iron_ore":7,"farmersdelight:tomato_crate":4,"minecraft:crafting_table":1,"gravestone:gravestone":2,"minecraft:grass":1,"biomesoplenty:bush":2,"minecraft:grass_block":2,"minecraft:oak_log":2,"farmersdelight:onion_crate":1,"minecraft:tall_grass":1,"minecraft:stone":3},"minecraft:dropped":{"alexsmobs:maggot":1,"minecraft:wheat_seeds":2,"farmersdelight:onion":9,"gravestone:obituary":2,"farmersdelight:tomato":36,"minecraft:oak_leaves":2},"minecraft:used":{"alexsmobs:maggot":1,"minecraft:iron_pickaxe":10,"farmersdelight:tomato_sauce":2,"minecraft:item_frame":7,"minecraft:dirt":2,"minecraft:cobblestone":3,"minecraft:hay_block":1,"minecraft:crafting_table":1}},"DataVersion":3465}