{"stats":{"minecraft:dropped":{"minecraft:bread":23,"naturalist:snail_shell":1,"minecraft:wheat_seeds":8,"minecraft:lapis_lazuli":1,"minecraft:oak_log":2,"farmersdelight:skillet":2,"biomesoplenty:lavender":2,"relics:infinity_ham":1,"relics:horse_flute":1,"born_in_chaos_v1:soul_cutlass":1,"farmersdelight:rice":9,"minecraft:emerald":12,"irons_spellbooks:scroll":1,"minecraft:cobweb":4,"born_in_chaos_v1:fused_bone":1,"gravestone:obituary":3,"farmersdelight:onion":18,"traveloptics:lightning_echo":7,"farmersdelight:shepherds_pie":2,"minecraft:bone":3,"alexsmobs:maggot":1,"minecraft:goat_horn":2,"minecraft:cobbled_deepslate":1,"minecraft:bowl":12,"royalvariations:royal_bone":1,"minecraft:wheat":148,"born_in_chaos_v1:rotten_fish":1,"farmersdelight:cabbage":9,"minecraft:beetroot":9,"minecraft:chicken":1,"minecraft:rotten_flesh":2,"farmersdelight:tomato_sauce":1,"minecraft:oak_planks":26,"irons_spellbooks:inscription_table":1,"minecraft:carrot":9,"minecraft:chainmail_chestplate":3,"minecraft:poppy":2,"minecraft:potato":9,"minecraft:hay_block":2,"minecraft:turtle_helmet":1,"minecraft:allium":3,"minecraft:spruce_planks":1,"apotheosis:gem":12,"simplyswords:diamond_greathammer":2,"minecraft:slime_ball":1,"minecraft:arrow":6,"minecraft:stone_brick_stairs":1,"farmersdelight:tomato":45,"minecraft:oak_leaves":2},"minecraft:custom":{"lootr:looted_stat":55,"minecraft:mob_kills":86,"minecraft:interact_with_crafting_table":14,"minecraft:open_barrel":1,"minecraft:damage_dealt_resisted":766,"minecraft:leave_game":2,"minecraft:time_since_death":61258,"minecraft:climb_one_cm":2782,"minecraft:damage_resisted":41,"minecraft:sprint_one_cm":441799,"minecraft:walk_one_cm":326157,"minecraft:damage_blocked_by_shield":225,"minecraft:drop":135,"minecraft:talked_to_villager":4,"minecraft:play_time":124047,"minecraft:sneak_time":1555,"minecraft:deaths":3,"minecraft:walk_under_water_one_cm":44395,"minecraft:interact_with_lectern":2,"minecraft:jump":1770,"minecraft:walk_on_water_one_cm":41070,"minecraft:total_world_time":124047,"minecraft:interact_with_furnace":6,"minecraft:traded_with_villager":1,"minecraft:time_since_rest":61275,"minecraft:waystone_activated":1,"minecraft:damage_absorbed":104,"minecraft:damage_taken":4895,"minecraft:trigger_trapped_chest":2,"minecraft:damage_dealt":20023,"minecraft:swim_one_cm":127680,"minecraft:fly_one_cm":867751,"minecraft:open_chest":6,"minecraft:crouch_one_cm":1729,"minecraft:interact_with_smoker":3,"minecraft:fall_one_cm":85334},"minecraft:mined":{"farmersdelight:honey_glazed_ham_block":1,"minecraft:spruce_planks":3,"farmersdelight:onions":1,"farmersdelight:rice_bag":1,"farmersdelight:roast_chicken_block":2,"farmersdelight:tomato_crate":5,"born_in_chaos_v1:infected_diamond_ore":1,"gravestone:gravestone":3,"minecraft:dark_oak_fence":1,"biomesoplenty:bush":2,"minecraft:grass_block":4,"minecraft:deepslate_bricks":1,"minecraft:spawner":1,"minecraft:hay_block":29,"farmersdelight:wild_onions":1,"biomesoplenty:tall_lavender":1,"minecraft:iron_ore":7,"biomesoplenty:lavender":4,"minecraft:dark_oak_stairs":1,"realmrpg_skeletons:rookie_skeleton":1,"minecraft:bookshelf":2,"minecraft:vine":2,"iceandfire:gold_pile":17,"biomesoplenty:webbing":8,"minecraft:iron_bars":2,"minecraft:stripped_oak_log":1,"biomesoplenty:barley":7,"irons_spellbooks:inscription_table":1,"minecraft:stone":7,"biomesoplenty:spider_egg":2,"lootr:lootr_chest":1,"minecraft:blackstone":2,"farmersdelight:potato_crate":1,"minecraft:crafting_table":2,"farmersdelight:cabbage_crate":1,"minecraft:blackstone_slab":2,"iceandfire:ghost_chest":1,"minecraft:andesite_slab":2,"minecraft:campfire":1,"farmersdelight:carrot_crate":1,"farmersdelight:onion_crate":2,"minecraft:tall_grass":5,"minecraft:oak_planks":2,"minecraft:skeleton_skull":1,"farmersdelight:stuffed_pumpkin_block":1,"minecraft:dark_oak_slab":2,"farmersdelight:shepherds_pie_block":2,"realmrpg_skeletons:webbed_skeleton":1,"minecraft:wheat":2,"minecraft:tnt":2,"minecraft:stone_brick_stairs":2,"minecraft:grass":12,"minecraft:oak_log":11,"minecraft:sand":12,"minecraft:dirt":1,"minecraft:cobweb":34,"born_in_chaos_v1:infernal_evil_pumpkin_s":1,"minecraft:cracked_stone_bricks":6,"minecraft:stone_bricks":4,"minecraft:polished_andesite":2,"farmersdelight:beetroot_crate":1,"minecraft:deepslate":1,"minecraft:oak_leaves":1,"minecraft:fern":2},"minecraft:used":{"minecraft:iron_bars":2,"minecraft:shield":2,"minecraft:dirt":2,"minecraft:chainmail_chestplate":2,"born_in_chaos_v1:soul_cutlass":260,"minecraft:wooden_axe":20,"farmersdelight:stuffed_pumpkin_block":1,"alexsmobs:maggot":1,"farmersdelight:tomato":1,"minecraft:iron_axe":45,"simplyswords:diamond_greathammer":178,"minecraft:item_frame":10,"farmersdelight:tomato_sauce":9,"minecraft:hay_block":1,"minecraft:goat_horn":12,"farmersdelight:shepherds_pie_block":2,"farmersdelight:hamburger":3,"farmersdelight:shepherds_pie":1,"farmersdelight:roast_chicken_block":1,"minecraft:iron_leggings":1,"farmersdelight:honey_glazed_ham_block":1,"minecraft:polished_andesite":1,"minecraft:oak_planks":6,"minecraft:andesite_slab":2,"minecraft:blackstone":2,"minecraft:deepslate_bricks":1,"minecraft:cracked_stone_bricks":2,"minecraft:crafting_table":4,"minecraft:shears":5,"relics:horse_flute":14,"farmersdelight:ratatouille":1,"minecraft:bread":55,"minecraft:iron_pickaxe":76,"minecraft:blackstone_slab":2,"minecraft:cobblestone":3,"travelersbackpack:standard":1,"minecraft:experience_bottle":3},"minecraft:killed":{"goety:heretic":2,"alexsmobs:dropbear":1,"minecraft:cave_spider":2,"born_in_chaos_v1:mr_pumpkin":4,"born_in_chaos_v1:restless_spirit":1,"born_in_chaos_v1:sir_the_headless":1,"minecraft:spider":4,"minecraft:vindicator":2,"royalvariations:royal_skeleton":1,"born_in_chaos_v1:siamese_skeletonsright":1,"born_in_chaos_v1:baby_skeleton_minion":4,"born_in_chaos_v1:maggot":3,"minecraft:skeleton":4,"naturalist:snail":1,"born_in_chaos_v1:baby_spider":1,"minecraft:chicken":1,"goety:reaper":1,"born_in_chaos_v1:corpse_fish":1,"irons_spellbooks:archevoker":2,"minecraft:cat":1,"born_in_chaos_v1:bonescaller":1,"born_in_chaos_v1:diamond_termite":1,"naturalist:bear":1,"born_in_chaos_v1:baby_skeleton":4,"naturalist:butterfly":2,"minecraft:iron_golem":1,"irons_spellbooks:necromancer":1,"warriorsofpastepoch:skeleton_musketeer":1,"born_in_chaos_v1:decrepit_skeleton":3,"minecraft:sheep":4,"minecraft:pillager":1,"minecraft:zombie":9,"iceandfire:ghost":1,"alexsmobs:terrapin":1,"goety:wraith":1,"alexsmobs:fly":3,"born_in_chaos_v1:siamese_skeletonsleft":1,"minecraft:enderman":1,"minecraft:cow":8,"goety:zpiglin_servant":1},"minecraft:crafted":{"minecraft:oak_planks":48,"farmersdelight:cabbage":9,"minecraft:potato":9,"minecraft:glass":12,"minecraft:written_book":1,"farmersdelight:tomato_sauce":1,"farmersdelight:tomato":45,"farmersdelight:rice":9,"minecraft:wheat":105,"minecraft:crafting_table":1,"travelersbackpack:backpack_tank":2,"travelersbackpack:standard":1,"minecraft:bowl":24,"minecraft:bread":75,"minecraft:air":0,"minecraft:stick":8,"minecraft:wooden_axe":1,"minecraft:beetroot":9,"minecraft:carrot":9,"minecraft:shears":1,"farmersdelight:onion":18},"minecraft:killed_by":{"born_in_chaos_v1:corpse_fly":2},"minecraft:picked_up":{"minecraft:charcoal":2,"minecraft:crafting_table":3,"minecraft:wheat":167,"minecraft:allium":3,"minecraft:chicken":1,"minecraft:turtle_helmet":1,"farmersdelight:tomato_sauce":2,"minecraft:stone_brick_stairs":1,"minecraft:string":32,"minecraft:moss_carpet":1,"minecraft:item_frame":7,"biomesoplenty:tall_lavender":1,"minecraft:blackstone":2,"minecraft:cracked_stone_bricks":3,"minecraft:gold_nugget":154,"minecraft:cobbled_deepslate":1,"minecraft:spruce_planks":2,"minecraft:beef":9,"minecraft:written_book":1,"minecraft:poppy":2,"minecraft:chest":1,"irons_spellbooks:inscription_table":2,"farmersdelight:ratatouille":1,"minecraft:stick":1,"minecraft:raw_iron":7,"apotheosis:gem":10,"farmersdelight:potato_crate":1,"born_in_chaos_v1:shattered_skull":2,"farmersdelight:cabbage_crate":1,"minecraft:bowl":2,"farmersdelight:tomato_crate":5,"minecraft:arrow":6,"minecraft:rotten_flesh":2,"farmersdelight:hamburger":6,"farmersdelight:onion":3,"relics:spatial_sign":1,"minecraft:deepslate_bricks":1,"minecraft:hay_block":26,"minecraft:white_wool":2,"minecraft:iron_bars":3,"farmersdelight:beetroot_crate":1,"minecraft:cobblestone":3,"born_in_chaos_v1:fused_bone":5,"minecraft:stripped_oak_log":1,"biomesoplenty:lavender":2,"farmersdelight:onion_crate":2,"minecraft:leather":19,"minecraft:blackstone_slab":2,"warriorsofpastepoch:azure_fabric":1,"minecraft:oak_log":13,"farmersdelight:roast_chicken_block":1,"minecraft:chainmail_chestplate":3,"farmersdelight:carrot_crate":1,"farmersdelight:tomato":1,"minecraft:dirt":4,"farmersdelight:shepherds_pie_block":2,"farmersdelight:honey_glazed_ham_block":1,"minecraft:bone":4,"born_in_chaos_v1:soul_cutlass":2,"farmersdelight:salmon_roll":3,"minecraft:wheat_seeds":9,"minecraft:iron_ingot":11,"minecraft:cobweb":4,"minecraft:glass_bottle":2,"naturalist:snail_shell":1,"traveloptics:lightning_echo":6,"minecraft:oak_planks":15,"farmersdelight:stuffed_pumpkin_block":1,"born_in_chaos_v1:ethereal_spirit":5,"royalvariations:royal_bone":2,"minecraft:sand":12,"travelersbackpack:blue_sleeping_bag":1,"minecraft:spider_eye":1,"simplyswords:diamond_greathammer":3,"minecraft:polished_andesite":1,"minecraft:slime_ball":1,"waystones:waystone":1,"minecraft:gray_wool":2,"farmersdelight:rice_bag":1,"minecraft:bread":14,"minecraft:emerald":20,"alexsmobs:maggot":2,"born_in_chaos_v1:rotten_fish":1,"minecraft:andesite_slab":2}},"DataVersion":3465}