{"stats":{"minecraft:killed_by":{"born_in_chaos_v1:corpse_fly":2},"minecraft:used":{"minecraft:polished_andesite":1,"minecraft:oak_planks":4,"minecraft:andesite_slab":2,"minecraft:blackstone":2,"minecraft:deepslate_bricks":1,"minecraft:cracked_stone_bricks":2,"minecraft:dirt":2,"minecraft:crafting_table":2,"minecraft:chainmail_chestplate":1,"minecraft:wooden_axe":15,"alexsmobs:maggot":1,"farmersdelight:tomato":1,"minecraft:bread":2,"minecraft:iron_pickaxe":24,"simplyswords:diamond_greathammer":8,"minecraft:item_frame":10,"farmersdelight:tomato_sauce":9,"minecraft:blackstone_slab":2,"minecraft:cobblestone":3,"minecraft:hay_block":1,"minecraft:iron_leggings":1},"minecraft:custom":{"lootr:looted_stat":15,"minecraft:mob_kills":6,"minecraft:interact_with_crafting_table":2,"minecraft:open_barrel":1,"minecraft:damage_dealt_resisted":0,"minecraft:leave_game":1,"minecraft:time_since_death":28247,"minecraft:climb_one_cm":803,"minecraft:time_since_rest":28281,"minecraft:sprint_one_cm":95659,"minecraft:damage_taken":1139,"minecraft:walk_one_cm":93450,"minecraft:drop":41,"minecraft:damage_dealt":633,"minecraft:fly_one_cm":109433,"minecraft:play_time":44149,"minecraft:crouch_one_cm":1023,"minecraft:deaths":2,"minecraft:sneak_time":648,"minecraft:interact_with_lectern":1,"minecraft:jump":270,"minecraft:walk_on_water_one_cm":171,"minecraft:interact_with_smoker":3,"minecraft:total_world_time":44149,"minecraft:fall_one_cm":15314},"minecraft:picked_up":{"born_in_chaos_v1:fused_bone":3,"minecraft:charcoal":2,"minecraft:crafting_table":3,"minecraft:wheat":1,"minecraft:allium":3,"farmersdelight:onion_crate":1,"minecraft:turtle_helmet":1,"minecraft:blackstone_slab":2,"farmersdelight:tomato_sauce":2,"minecraft:oak_log":6,"minecraft:chainmail_chestplate":1,"farmersdelight:tomato":1,"minecraft:dirt":2,"minecraft:item_frame":7,"minecraft:blackstone":2,"minecraft:cracked_stone_bricks":3,"minecraft:wheat_seeds":8,"minecraft:oak_planks":1,"traveloptics:lightning_echo":6,"irons_spellbooks:inscription_table":2,"minecraft:raw_iron":7,"apotheosis:gem":8,"simplyswords:diamond_greathammer":2,"minecraft:polished_andesite":1,"farmersdelight:tomato_crate":4,"farmersdelight:onion":3,"minecraft:deepslate_bricks":1,"minecraft:hay_block":7,"minecraft:bread":4,"alexsmobs:maggot":2,"minecraft:andesite_slab":2,"minecraft:cobblestone":3},"minecraft:crafted":{"minecraft:oak_planks":24,"minecraft:bread":9,"minecraft:air":0,"minecraft:stick":8,"minecraft:wooden_axe":1,"farmersdelight:tomato_sauce":1,"farmersdelight:tomato":36,"minecraft:wheat":27,"farmersdelight:onion":9},"minecraft:mined":{"farmersdelight:onions":1,"minecraft:blackstone":2,"farmersdelight:tomato_crate":4,"minecraft:crafting_table":2,"gravestone:gravestone":2,"biomesoplenty:bush":2,"minecraft:blackstone_slab":2,"minecraft:grass_block":2,"minecraft:andesite_slab":2,"minecraft:campfire":1,"farmersdelight:onion_crate":1,"minecraft:deepslate_bricks":1,"minecraft:tall_grass":1,"minecraft:oak_planks":2,"minecraft:hay_block":10,"farmersdelight:wild_onions":1,"minecraft:iron_ore":7,"minecraft:wheat":2,"minecraft:grass":1,"minecraft:oak_log":6,"minecraft:cracked_stone_bricks":3,"irons_spellbooks:inscription_table":1,"minecraft:stone":5,"minecraft:polished_andesite":2},"minecraft:dropped":{"minecraft:bread":4,"alexsmobs:maggot":1,"minecraft:wheat_seeds":7,"minecraft:bowl":1,"farmersdelight:tomato_sauce":1,"irons_spellbooks:inscription_table":1,"minecraft:chainmail_chestplate":1,"minecraft:turtle_helmet":1,"minecraft:allium":3,"apotheosis:gem":6,"born_in_chaos_v1:fused_bone":1,"gravestone:obituary":2,"farmersdelight:onion":9,"simplyswords:diamond_greathammer":1,"traveloptics:lightning_echo":7,"minecraft:oak_leaves":2,"farmersdelight:tomato":36},"minecraft:killed":{"minecraft:spider":1,"born_in_chaos_v1:siamese_skeletonsright":1,"alexsmobs:fly":3,"born_in_chaos_v1:siamese_skeletonsleft":1}},"DataVersion":3465}