{"stats":{"minecraft:mined":{"farmersdelight:honey_glazed_ham_block":1,"minecraft:spruce_planks":3,"farmersdelight:onions":1,"farmersdelight:rice_bag":1,"farmersdelight:roast_chicken_block":2,"farmersdelight:tomato_crate":5,"born_in_chaos_v1:infected_diamond_ore":1,"gravestone:gravestone":3,"minecraft:dark_oak_fence":1,"biomesoplenty:bush":2,"minecraft:grass_block":4,"minecraft:deepslate_bricks":1,"minecraft:spawner":1,"minecraft:hay_block":29,"farmersdelight:wild_onions":1,"minecraft:iron_ore":7,"minecraft:dark_oak_stairs":1,"minecraft:bookshelf":2,"realmrpg_skeletons:rookie_skeleton":1,"iceandfire:gold_pile":17,"minecraft:iron_bars":2,"biomesoplenty:webbing":8,"minecraft:stripped_oak_log":1,"biomesoplenty:barley":7,"irons_spellbooks:inscription_table":1,"biomesoplenty:spider_egg":1,"minecraft:stone":7,"lootr:lootr_chest":1,"minecraft:blackstone":2,"farmersdelight:potato_crate":1,"minecraft:crafting_table":2,"farmersdelight:cabbage_crate":1,"minecraft:blackstone_slab":2,"minecraft:andesite_slab":2,"minecraft:campfire":1,"farmersdelight:carrot_crate":1,"farmersdelight:onion_crate":2,"minecraft:tall_grass":2,"minecraft:oak_planks":2,"farmersdelight:stuffed_pumpkin_block":1,"farmersdelight:shepherds_pie_block":2,"minecraft:dark_oak_slab":2,"minecraft:wheat":2,"minecraft:tnt":2,"minecraft:stone_brick_stairs":2,"minecraft:grass":11,"minecraft:oak_log":11,"minecraft:sand":12,"minecraft:dirt":1,"minecraft:cobweb":34,"minecraft:cracked_stone_bricks":5,"born_in_chaos_v1:infernal_evil_pumpkin_s":1,"minecraft:polished_andesite":2,"minecraft:stone_bricks":1,"farmersdelight:beetroot_crate":1,"minecraft:fern":2,"minecraft:oak_leaves":1,"minecraft:deepslate":1},"minecraft:killed_by":{"born_in_chaos_v1:corpse_fly":2},"minecraft:custom":{"lootr:looted_stat":55,"minecraft:mob_kills":75,"minecraft:interact_with_crafting_table":14,"minecraft:open_barrel":1,"minecraft:damage_dealt_resisted":766,"minecraft:leave_game":2,"minecraft:time_since_death":51761,"minecraft:climb_one_cm":2398,"minecraft:damage_resisted":0,"minecraft:sprint_one_cm":407194,"minecraft:walk_one_cm":295239,"minecraft:damage_blocked_by_shield":225,"minecraft:drop":124,"minecraft:talked_to_villager":4,"minecraft:play_time":114550,"minecraft:deaths":3,"minecraft:sneak_time":1327,"minecraft:walk_under_water_one_cm":38035,"minecraft:interact_with_lectern":2,"minecraft:jump":1540,"minecraft:walk_on_water_one_cm":33204,"minecraft:total_world_time":114550,"minecraft:interact_with_furnace":6,"minecraft:traded_with_villager":1,"minecraft:time_since_rest":51778,"minecraft:waystone_activated":1,"minecraft:damage_taken":4091,"minecraft:damage_absorbed":104,"minecraft:damage_dealt":16435,"minecraft:swim_one_cm":88817,"minecraft:fly_one_cm":719458,"minecraft:open_chest":6,"minecraft:crouch_one_cm":1728,"minecraft:interact_with_smoker":3,"minecraft:fall_one_cm":76301},"minecraft:dropped":{"minecraft:bread":23,"naturalist:snail_shell":1,"minecraft:wheat_seeds":8,"minecraft:lapis_lazuli":1,"minecraft:oak_log":2,"farmersdelight:skillet":2,"relics:infinity_ham":1,"relics:horse_flute":1,"farmersdelight:rice":9,"minecraft:emerald":12,"irons_spellbooks:scroll":1,"born_in_chaos_v1:fused_bone":1,"gravestone:obituary":3,"farmersdelight:onion":18,"traveloptics:lightning_echo":7,"farmersdelight:shepherds_pie":2,"minecraft:bone":3,"alexsmobs:maggot":1,"minecraft:goat_horn":2,"minecraft:cobbled_deepslate":1,"minecraft:bowl":11,"royalvariations:royal_bone":1,"minecraft:wheat":148,"farmersdelight:cabbage":9,"minecraft:beetroot":9,"minecraft:chicken":1,"minecraft:rotten_flesh":2,"farmersdelight:tomato_sauce":1,"minecraft:oak_planks":26,"irons_spellbooks:inscription_table":1,"minecraft:carrot":9,"minecraft:chainmail_chestplate":3,"minecraft:potato":9,"minecraft:hay_block":2,"minecraft:turtle_helmet":1,"minecraft:allium":3,"minecraft:spruce_planks":1,"apotheosis:gem":12,"simplyswords:diamond_greathammer":2,"minecraft:slime_ball":1,"minecraft:arrow":4,"minecraft:stone_brick_stairs":1,"minecraft:oak_leaves":2,"farmersdelight:tomato":45},"minecraft:killed":{"goety:heretic":2,"alexsmobs:dropbear":1,"minecraft:cave_spider":1,"born_in_chaos_v1:mr_pumpkin":4,"born_in_chaos_v1:sir_the_headless":1,"minecraft:vindicator":2,"minecraft:spider":4,"royalvariations:royal_skeleton":1,"born_in_chaos_v1:siamese_skeletonsright":1,"born_in_chaos_v1:baby_skeleton_minion":4,"born_in_chaos_v1:maggot":3,"naturalist:snail":1,"minecraft:skeleton":3,"minecraft:chicken":1,"goety:reaper":1,"irons_spellbooks:archevoker":2,"minecraft:cat":1,"born_in_chaos_v1:bonescaller":1,"born_in_chaos_v1:diamond_termite":1,"naturalist:bear":1,"born_in_chaos_v1:baby_skeleton":4,"naturalist:butterfly":2,"warriorsofpastepoch:skeleton_musketeer":1,"irons_spellbooks:necromancer":1,"born_in_chaos_v1:decrepit_skeleton":3,"minecraft:pillager":1,"minecraft:zombie":9,"alexsmobs:terrapin":1,"goety:wraith":1,"alexsmobs:fly":3,"minecraft:cow":8,"born_in_chaos_v1:siamese_skeletonsleft":1,"minecraft:enderman":1,"goety:zpiglin_servant":1},"minecraft:picked_up":{"minecraft:allium":3,"minecraft:charcoal":2,"minecraft:crafting_table":3,"minecraft:wheat":167,"minecraft:chicken":1,"minecraft:turtle_helmet":1,"farmersdelight:tomato_sauce":2,"minecraft:stone_brick_stairs":1,"minecraft:string":29,"minecraft:moss_carpet":1,"minecraft:item_frame":7,"minecraft:blackstone":2,"minecraft:cracked_stone_bricks":3,"minecraft:gold_nugget":154,"minecraft:cobbled_deepslate":1,"minecraft:beef":9,"minecraft:spruce_planks":2,"minecraft:written_book":1,"farmersdelight:ratatouille":1,"minecraft:chest":1,"irons_spellbooks:inscription_table":2,"minecraft:stick":1,"farmersdelight:potato_crate":1,"minecraft:raw_iron":7,"apotheosis:gem":10,"born_in_chaos_v1:shattered_skull":2,"farmersdelight:cabbage_crate":1,"minecraft:bowl":2,"farmersdelight:tomato_crate":5,"minecraft:arrow":4,"minecraft:rotten_flesh":2,"farmersdelight:onion":3,"relics:spatial_sign":1,"minecraft:deepslate_bricks":1,"minecraft:hay_block":26,"minecraft:iron_bars":3,"farmersdelight:beetroot_crate":1,"minecraft:cobblestone":3,"born_in_chaos_v1:fused_bone":5,"minecraft:stripped_oak_log":1,"farmersdelight:onion_crate":2,"minecraft:leather":14,"minecraft:blackstone_slab":2,"warriorsofpastepoch:azure_fabric":1,"farmersdelight:roast_chicken_block":1,"minecraft:oak_log":13,"minecraft:chainmail_chestplate":3,"farmersdelight:carrot_crate":1,"farmersdelight:tomato":1,"minecraft:dirt":4,"farmersdelight:shepherds_pie_block":2,"farmersdelight:honey_glazed_ham_block":1,"minecraft:bone":4,"born_in_chaos_v1:soul_cutlass":1,"farmersdelight:salmon_roll":3,"minecraft:wheat_seeds":9,"minecraft:glass_bottle":2,"naturalist:snail_shell":1,"traveloptics:lightning_echo":6,"minecraft:oak_planks":15,"farmersdelight:stuffed_pumpkin_block":1,"born_in_chaos_v1:ethereal_spirit":3,"royalvariations:royal_bone":2,"minecraft:sand":12,"travelersbackpack:blue_sleeping_bag":1,"minecraft:spider_eye":1,"simplyswords:diamond_greathammer":3,"minecraft:polished_andesite":1,"minecraft:slime_ball":1,"waystones:waystone":1,"farmersdelight:rice_bag":1,"minecraft:emerald":20,"minecraft:bread":14,"alexsmobs:maggot":2,"minecraft:andesite_slab":2},"minecraft:crafted":{"minecraft:oak_planks":48,"farmersdelight:cabbage":9,"minecraft:potato":9,"minecraft:glass":12,"minecraft:written_book":1,"farmersdelight:tomato_sauce":1,"farmersdelight:tomato":45,"farmersdelight:rice":9,"minecraft:wheat":105,"minecraft:crafting_table":1,"travelersbackpack:backpack_tank":2,"travelersbackpack:standard":1,"minecraft:bowl":24,"minecraft:air":0,"minecraft:bread":75,"minecraft:stick":8,"minecraft:wooden_axe":1,"minecraft:beetroot":9,"minecraft:carrot":9,"minecraft:shears":1,"farmersdelight:onion":18},"minecraft:used":{"minecraft:iron_bars":2,"minecraft:shield":2,"minecraft:dirt":2,"minecraft:chainmail_chestplate":2,"born_in_chaos_v1:soul_cutlass":185,"farmersdelight:stuffed_pumpkin_block":1,"minecraft:wooden_axe":20,"alexsmobs:maggot":1,"farmersdelight:tomato":1,"minecraft:iron_axe":43,"simplyswords:diamond_greathammer":178,"minecraft:item_frame":10,"farmersdelight:tomato_sauce":9,"minecraft:hay_block":1,"minecraft:goat_horn":12,"farmersdelight:shepherds_pie_block":2,"minecraft:iron_leggings":1,"farmersdelight:roast_chicken_block":1,"farmersdelight:honey_glazed_ham_block":1,"minecraft:polished_andesite":1,"minecraft:oak_planks":6,"minecraft:andesite_slab":2,"minecraft:blackstone":2,"minecraft:deepslate_bricks":1,"minecraft:cracked_stone_bricks":2,"minecraft:crafting_table":4,"minecraft:shears":5,"relics:horse_flute":14,"farmersdelight:ratatouille":1,"minecraft:bread":51,"minecraft:iron_pickaxe":70,"minecraft:blackstone_slab":2,"minecraft:cobblestone":3,"travelersbackpack:standard":1,"minecraft:experience_bottle":3}},"DataVersion":3465}