{"stats":{"minecraft:mined":{"farmersdelight:onions":1,"farmersdelight:tomato_crate":4,"born_in_chaos_v1:infected_diamond_ore":1,"gravestone:gravestone":3,"minecraft:dark_oak_fence":1,"biomesoplenty:bush":2,"minecraft:grass_block":2,"minecraft:deepslate_bricks":1,"minecraft:hay_block":29,"farmersdelight:wild_onions":1,"minecraft:iron_ore":7,"minecraft:dark_oak_stairs":1,"biomesoplenty:webbing":8,"irons_spellbooks:inscription_table":1,"biomesoplenty:spider_egg":1,"minecraft:stone":7,"minecraft:blackstone":2,"minecraft:crafting_table":2,"minecraft:blackstone_slab":2,"minecraft:andesite_slab":2,"minecraft:campfire":1,"farmersdelight:onion_crate":1,"minecraft:tall_grass":1,"minecraft:oak_planks":2,"minecraft:dark_oak_slab":2,"minecraft:wheat":2,"minecraft:stone_brick_stairs":2,"minecraft:grass":3,"minecraft:oak_log":6,"minecraft:cobweb":6,"minecraft:cracked_stone_bricks":5,"born_in_chaos_v1:infernal_evil_pumpkin_s":1,"minecraft:polished_andesite":2,"minecraft:stone_bricks":1,"minecraft:oak_leaves":1,"minecraft:deepslate":1},"minecraft:killed_by":{"born_in_chaos_v1:corpse_fly":2},"minecraft:custom":{"lootr:looted_stat":32,"minecraft:mob_kills":51,"minecraft:interact_with_crafting_table":5,"minecraft:open_barrel":1,"minecraft:damage_dealt_resisted":657,"minecraft:leave_game":2,"minecraft:time_since_death":21761,"minecraft:climb_one_cm":2128,"minecraft:damage_resisted":0,"minecraft:sprint_one_cm":287838,"minecraft:walk_one_cm":214543,"minecraft:damage_blocked_by_shield":225,"minecraft:drop":96,"minecraft:talked_to_villager":3,"minecraft:play_time":84550,"minecraft:deaths":3,"minecraft:sneak_time":766,"minecraft:walk_under_water_one_cm":4442,"minecraft:interact_with_lectern":2,"minecraft:jump":953,"minecraft:walk_on_water_one_cm":16101,"minecraft:total_world_time":84550,"minecraft:traded_with_villager":1,"minecraft:time_since_rest":21778,"minecraft:damage_taken":2993,"minecraft:damage_absorbed":104,"minecraft:damage_dealt":11479,"minecraft:swim_one_cm":21148,"minecraft:fly_one_cm":373692,"minecraft:crouch_one_cm":1728,"minecraft:interact_with_smoker":3,"minecraft:fall_one_cm":44950},"minecraft:dropped":{"minecraft:bread":23,"minecraft:wheat_seeds":7,"farmersdelight:skillet":2,"minecraft:emerald":12,"born_in_chaos_v1:fused_bone":1,"gravestone:obituary":3,"farmersdelight:onion":9,"traveloptics:lightning_echo":7,"alexsmobs:maggot":1,"minecraft:goat_horn":2,"minecraft:cobbled_deepslate":1,"minecraft:bowl":1,"minecraft:wheat":148,"minecraft:rotten_flesh":2,"farmersdelight:tomato_sauce":1,"irons_spellbooks:inscription_table":1,"minecraft:chainmail_chestplate":1,"minecraft:hay_block":2,"minecraft:turtle_helmet":1,"minecraft:allium":3,"apotheosis:gem":12,"simplyswords:diamond_greathammer":2,"minecraft:arrow":4,"minecraft:oak_leaves":2,"farmersdelight:tomato":36},"minecraft:killed":{"minecraft:cave_spider":1,"born_in_chaos_v1:mr_pumpkin":4,"born_in_chaos_v1:sir_the_headless":1,"minecraft:vindicator":2,"minecraft:spider":3,"royalvariations:royal_skeleton":1,"born_in_chaos_v1:siamese_skeletonsright":1,"born_in_chaos_v1:baby_skeleton_minion":4,"born_in_chaos_v1:maggot":3,"minecraft:skeleton":1,"goety:reaper":1,"irons_spellbooks:archevoker":2,"born_in_chaos_v1:bonescaller":1,"born_in_chaos_v1:diamond_termite":1,"naturalist:bear":1,"born_in_chaos_v1:baby_skeleton":2,"naturalist:butterfly":2,"irons_spellbooks:necromancer":1,"born_in_chaos_v1:decrepit_skeleton":2,"minecraft:pillager":1,"minecraft:zombie":8,"goety:wraith":1,"alexsmobs:fly":3,"born_in_chaos_v1:siamese_skeletonsleft":1,"minecraft:enderman":1},"minecraft:picked_up":{"minecraft:allium":3,"minecraft:charcoal":2,"minecraft:crafting_table":3,"minecraft:wheat":167,"minecraft:turtle_helmet":1,"farmersdelight:tomato_sauce":2,"minecraft:item_frame":7,"minecraft:blackstone":2,"minecraft:cracked_stone_bricks":3,"minecraft:cobbled_deepslate":1,"minecraft:written_book":1,"irons_spellbooks:inscription_table":2,"minecraft:raw_iron":7,"apotheosis:gem":10,"born_in_chaos_v1:shattered_skull":2,"farmersdelight:tomato_crate":4,"minecraft:arrow":4,"minecraft:rotten_flesh":2,"farmersdelight:onion":3,"relics:spatial_sign":1,"minecraft:deepslate_bricks":1,"minecraft:hay_block":26,"minecraft:iron_bars":1,"minecraft:cobblestone":3,"born_in_chaos_v1:fused_bone":5,"farmersdelight:onion_crate":1,"minecraft:blackstone_slab":2,"minecraft:oak_log":6,"minecraft:chainmail_chestplate":1,"farmersdelight:tomato":1,"minecraft:dirt":2,"minecraft:wheat_seeds":8,"traveloptics:lightning_echo":6,"minecraft:oak_planks":2,"born_in_chaos_v1:ethereal_spirit":3,"royalvariations:royal_bone":1,"simplyswords:diamond_greathammer":2,"minecraft:polished_andesite":1,"minecraft:emerald":20,"minecraft:bread":14,"alexsmobs:maggot":2,"minecraft:andesite_slab":2},"minecraft:crafted":{"minecraft:oak_planks":24,"minecraft:written_book":1,"farmersdelight:tomato_sauce":1,"farmersdelight:tomato":36,"minecraft:wheat":105,"minecraft:air":0,"minecraft:bread":75,"minecraft:stick":8,"minecraft:wooden_axe":1,"minecraft:shears":1,"farmersdelight:onion":9},"minecraft:used":{"minecraft:shield":2,"minecraft:dirt":2,"minecraft:chainmail_chestplate":1,"minecraft:wooden_axe":20,"alexsmobs:maggot":1,"farmersdelight:tomato":1,"minecraft:iron_axe":11,"simplyswords:diamond_greathammer":178,"minecraft:item_frame":10,"farmersdelight:tomato_sauce":9,"minecraft:hay_block":1,"minecraft:goat_horn":12,"minecraft:iron_leggings":1,"minecraft:polished_andesite":1,"minecraft:oak_planks":6,"minecraft:andesite_slab":2,"minecraft:blackstone":2,"minecraft:deepslate_bricks":1,"minecraft:cracked_stone_bricks":2,"minecraft:crafting_table":2,"minecraft:shears":4,"minecraft:bread":34,"minecraft:iron_pickaxe":49,"minecraft:blackstone_slab":2,"minecraft:cobblestone":3,"minecraft:experience_bottle":3}},"DataVersion":3465}