{"stats":{"minecraft:dropped":{"naturalist:snail_shell":1,"minecraft:lapis_lazuli":1,"minecraft:oak_log":2,"minecraft:crafting_table":1,"relics:infinity_ham":1,"travelersbackpack:iron_tier_upgrade":1,"farmersdelight:tomato_crate":4,"relics:horse_flute":1,"farmersdelight:rice":9,"minecraft:emerald":12,"farmersdelight:salmon_roll":61,"minecraft:dirt":2,"gravestone:obituary":4,"farmersdelight:onion":18,"minecraft:bone":3,"minecraft:goat_horn":2,"farmersdelight:cabbage_crate":4,"minecraft:cobbled_deepslate":1,"royalvariations:royal_bone":1,"minecraft:wheat":148,"farmersdelight:cabbage":9,"minecraft:beetroot":9,"minecraft:rotten_flesh":2,"minecraft:oak_planks":26,"irons_spellbooks:inscription_table":1,"minecraft:carrot":9,"minecraft:chainmail_chestplate":3,"minecraft:poppy":2,"minecraft:turtle_helmet":1,"minecraft:gunpowder":4,"apotheosis:gem":12,"farmersdelight:onion_crate":4,"simplyswords:diamond_greathammer":2,"minecraft:arrow":6,"minecraft:stone_brick_stairs":1,"minecraft:oak_leaves":2,"minecraft:water_bucket":2,"minecraft:bread":23,"minecraft:wheat_seeds":8,"farmersdelight:skillet":2,"biomesoplenty:lavender":2,"minecraft:cobblestone":3,"born_in_chaos_v1:soul_cutlass":1,"minecraft:cobweb":4,"irons_spellbooks:scroll":1,"minecraft:gray_wool":2,"farmersdelight:carrot_crate":4,"born_in_chaos_v1:fused_bone":1,"farmersdelight:rice_bag":4,"travelersbackpack:blank_upgrade":8,"farmersdelight:beetroot_crate":4,"traveloptics:lightning_echo":7,"farmersdelight:shepherds_pie":2,"alexsmobs:maggot":1,"minecraft:bowl":43,"farmersdelight:potato_crate":4,"born_in_chaos_v1:rotten_fish":1,"minecraft:chicken":1,"farmersdelight:tomato_sauce":1,"minecraft:potato":9,"minecraft:hay_block":2,"minecraft:flower_pot":3,"minecraft:allium":3,"minecraft:spruce_planks":1,"minecraft:slime_ball":1,"farmersdelight:tomato":45},"minecraft:custom":{"lootr:looted_stat":58,"minecraft:interact_with_crafting_table":23,"minecraft:open_barrel":1,"minecraft:leave_game":2,"minecraft:time_since_death":25947,"minecraft:damage_resisted":55,"minecraft:sprint_one_cm":519398,"minecraft:damage_blocked_by_shield":253,"minecraft:drop":170,"minecraft:talked_to_villager":4,"minecraft:play_time":150552,"minecraft:deaths":4,"minecraft:jump":2218,"minecraft:walk_on_water_one_cm":53239,"minecraft:interact_with_furnace":6,"minecraft:traded_with_villager":1,"minecraft:waystone_activated":2,"minecraft:damage_dealt":23600,"minecraft:crouch_one_cm":2273,"minecraft:interact_with_smoker":3,"minecraft:interact_with_smithing_table":5,"minecraft:mob_kills":105,"minecraft:damage_dealt_resisted":1317,"minecraft:climb_one_cm":3642,"minecraft:walk_one_cm":395416,"minecraft:sneak_time":1656,"minecraft:walk_under_water_one_cm":121375,"minecraft:interact_with_lectern":2,"minecraft:total_world_time":150552,"minecraft:time_since_rest":25957,"minecraft:damage_taken":5979,"minecraft:damage_absorbed":104,"minecraft:trigger_trapped_chest":2,"minecraft:swim_one_cm":173344,"minecraft:fly_one_cm":1264517,"minecraft:open_chest":6,"minecraft:fall_one_cm":120099},"minecraft:mined":{"minecraft:spruce_planks":3,"farmersdelight:rice_bag":5,"farmersdelight:roast_chicken_block":2,"farmersdelight:tomato_crate":9,"minecraft:grass_block":9,"minecraft:deepslate_bricks":1,"minecraft:spawner":1,"biomesoplenty:tall_lavender":1,"minecraft:iron_ore":7,"biomesoplenty:lavender":4,"minecraft:dark_oak_stairs":1,"realmrpg_skeletons:rookie_skeleton":1,"iceandfire:gold_pile":17,"minecraft:iron_bars":2,"biomesoplenty:webbing":8,"immersive_weathering:oak_leaf_pile":1,"lootr:lootr_chest":1,"minecraft:blackstone":2,"farmersdelight:potato_crate":5,"farmersdelight:cabbage_crate":5,"iceandfire:ghost_chest":1,"minecraft:cobblestone":3,"minecraft:oak_planks":2,"minecraft:skeleton_skull":1,"minecraft:dark_oak_slab":2,"realmrpg_skeletons:webbed_skeleton":1,"minecraft:wheat":2,"minecraft:tnt":2,"farmersdelight:rice_roll_medley_block":1,"minecraft:stone_brick_stairs":2,"minecraft:grass":23,"minecraft:oak_log":11,"minecraft:sand":12,"minecraft:dirt":9,"born_in_chaos_v1:infernal_evil_pumpkin_s":1,"minecraft:oak_leaves":1,"minecraft:deepslate":1,"farmersdelight:honey_glazed_ham_block":1,"farmersdelight:onions":1,"born_in_chaos_v1:infected_diamond_ore":1,"gravestone:gravestone":4,"minecraft:dark_oak_fence":1,"biomesoplenty:bush":2,"minecraft:moss_block":1,"minecraft:hay_block":29,"farmersdelight:wild_onions":1,"minecraft:bookshelf":2,"minecraft:vine":2,"minecraft:stripped_oak_log":1,"biomesoplenty:barley":7,"irons_spellbooks:inscription_table":1,"biomesoplenty:spider_egg":2,"minecraft:stone":27,"minecraft:smithing_table":1,"minecraft:crafting_table":3,"minecraft:blackstone_slab":2,"minecraft:andesite_slab":2,"minecraft:campfire":1,"farmersdelight:carrot_crate":5,"farmersdelight:onion_crate":6,"minecraft:tall_grass":9,"immersive_weathering:cherry_leaf_pile":1,"farmersdelight:stuffed_pumpkin_block":1,"farmersdelight:shepherds_pie_block":2,"minecraft:spruce_log":7,"minecraft:flower_pot":2,"minecraft:cobweb":34,"minecraft:cracked_stone_bricks":6,"minecraft:polished_andesite":2,"minecraft:stone_bricks":4,"farmersdelight:beetroot_crate":5,"minecraft:fern":2},"minecraft:used":{"minecraft:shield":4,"born_in_chaos_v1:soul_cutlass":368,"farmersdelight:tomato":1,"farmersdelight:rice_roll_medley_block":1,"minecraft:item_frame":10,"farmersdelight:tomato_sauce":9,"minecraft:hay_block":1,"farmersdelight:shepherds_pie_block":2,"farmersdelight:salmon_roll":2,"farmersdelight:hamburger":4,"minecraft:oak_planks":6,"minecraft:blackstone":2,"minecraft:shears":5,"relics:horse_flute":14,"farmersdelight:ratatouille":1,"minecraft:bread":63,"minecraft:blackstone_slab":2,"born_in_chaos_v1:rotten_fish":1,"minecraft:experience_bottle":3,"farmersdelight:kelp_roll_slice":1,"minecraft:iron_bars":2,"farmersdelight:dumplings":2,"minecraft:dirt":10,"minecraft:chainmail_chestplate":2,"farmersdelight:stuffed_pumpkin_block":1,"minecraft:wooden_axe":20,"alexsmobs:maggot":1,"minecraft:iron_axe":86,"simplyswords:diamond_greathammer":178,"minecraft:goat_horn":12,"minecraft:iron_leggings":1,"farmersdelight:roast_chicken_block":1,"farmersdelight:shepherds_pie":1,"farmersdelight:honey_glazed_ham_block":1,"minecraft:polished_andesite":1,"minecraft:andesite_slab":2,"minecraft:deepslate_bricks":1,"minecraft:cracked_stone_bricks":2,"minecraft:crafting_table":5,"minecraft:spruce_log":1,"minecraft:iron_pickaxe":118,"minecraft:cobblestone":14,"travelersbackpack:standard":11,"minecraft:bucket":9},"minecraft:killed":{"guardvillagers:guard":1,"minecraft:cave_spider":2,"born_in_chaos_v1:mr_pumpkin":4,"born_in_chaos_v1:restless_spirit":1,"born_in_chaos_v1:sir_the_headless":1,"minecraft:spider":4,"royalvariations:royal_skeleton":1,"born_in_chaos_v1:siamese_skeletonsright":1,"born_in_chaos_v1:baby_skeleton_minion":4,"naturalist:snail":3,"minecraft:skeleton":4,"minecraft:chicken":1,"goety:reaper":1,"irons_spellbooks:archevoker":2,"minecraft:cat":1,"born_in_chaos_v1:bonescaller":1,"born_in_chaos_v1:diamond_termite":1,"minecraft:iron_golem":1,"irons_spellbooks:necromancer":2,"minecraft:creeper":1,"minecraft:sheep":4,"minecraft:pillager":1,"minecraft:zombie":9,"born_in_chaos_v1:dread_hound":2,"alexsmobs:terrapin":1,"goety:wraith":1,"alexsmobs:fly":3,"born_in_chaos_v1:door_knight":1,"born_in_chaos_v1:siamese_skeletonsleft":1,"minecraft:cow":12,"goety:heretic":2,"alexsmobs:dropbear":1,"minecraft:vindicator":2,"born_in_chaos_v1:maggot":3,"born_in_chaos_v1:baby_spider":1,"minecraft:drowned":1,"born_in_chaos_v1:corpse_fish":3,"naturalist:bear":1,"born_in_chaos_v1:baby_skeleton":4,"naturalist:butterfly":2,"warriorsofpastepoch:skeleton_musketeer":1,"born_in_chaos_v1:decrepit_skeleton":4,"iceandfire:ghost":1,"alexsmobs:gazelle":2,"born_in_chaos_v1:nightmare_stalker":1,"minecraft:enderman":1,"goety:zpiglin_servant":1},"minecraft:crafted":{"minecraft:oak_planks":48,"farmersdelight:cabbage":9,"travelersbackpack:crafting_upgrade":1,"minecraft:potato":9,"minecraft:glass":12,"minecraft:written_book":1,"farmersdelight:tomato_sauce":1,"minecraft:chest":1,"travelersbackpack:iron_tier_upgrade":2,"minecraft:crafting_table":2,"minecraft:spruce_planks":24,"travelersbackpack:standard":3,"minecraft:stick":8,"minecraft:beetroot":9,"minecraft:shears":1,"farmersdelight:onion":18,"travelersbackpack:blank_upgrade":40,"travelersbackpack:gold_tier_upgrade":1,"farmersdelight:tomato":45,"farmersdelight:rice":9,"minecraft:wheat":105,"travelersbackpack:backpack_tank":2,"minecraft:bowl":28,"minecraft:bread":75,"minecraft:air":16,"minecraft:wooden_axe":1,"minecraft:carrot":9},"minecraft:killed_by":{"born_in_chaos_v1:corpse_fly":2},"minecraft:picked_up":{"minecraft:iron_chestplate":1,"minecraft:wheat":167,"minecraft:flower_pot":3,"minecraft:smithing_table":1,"minecraft:stone_brick_stairs":1,"minecraft:string":32,"biomesoplenty:tall_lavender":1,"farmersdelight:rice_roll_medley_block":1,"minecraft:beetroot":1,"irons_spellbooks:arcane_essence":1,"minecraft:gold_nugget":154,"minecraft:cobbled_deepslate":1,"minecraft:bucket":1,"minecraft:spruce_planks":2,"minecraft:written_book":1,"irons_spellbooks:inscription_table":2,"farmersdelight:ratatouille":1,"farmersdelight:potato_crate":5,"minecraft:stick":1,"apotheosis:gem":10,"born_in_chaos_v1:shattered_skull":4,"born_in_chaos_v1:nightmare_claw":1,"farmersdelight:tomato_crate":9,"minecraft:rotten_flesh":7,"farmersdelight:onion":3,"farmersdelight:beetroot_crate":5,"minecraft:iron_bars":3,"minecraft:cobblestone":17,"biomesoplenty:lavender":2,"farmersdelight:onion_crate":6,"born_in_chaos_v1:spiritual_dust":5,"minecraft:water_bucket":1,"farmersdelight:roast_chicken_block":1,"farmersdelight:carrot_crate":5,"farmersdelight:tomato":1,"minecraft:dirt":12,"farmersdelight:shepherds_pie_block":2,"born_in_chaos_v1:monster_skin":3,"minecraft:bone":4,"farmersdelight:salmon_roll":64,"minecraft:wheat_seeds":10,"minecraft:moss_block":1,"naturalist:snail_shell":1,"traveloptics:lightning_echo":6,"minecraft:oak_planks":15,"farmersdelight:stuffed_pumpkin_block":1,"royalvariations:royal_bone":2,"minecraft:sand":12,"minecraft:polished_andesite":1,"waystones:waystone":1,"minecraft:crossbow":1,"minecraft:bone_meal":1,"farmersdelight:rice_bag":5,"minecraft:bread":14,"minecraft:emerald":20,"alexsmobs:maggot":2,"born_in_chaos_v1:rotten_fish":2,"minecraft:andesite_slab":2,"minecraft:charcoal":2,"minecraft:crafting_table":5,"minecraft:allium":3,"minecraft:chicken":1,"minecraft:turtle_helmet":1,"farmersdelight:tomato_sauce":2,"minecraft:shield":1,"minecraft:moss_carpet":1,"minecraft:iron_axe":1,"minecraft:item_frame":7,"minecraft:blackstone":2,"minecraft:cracked_stone_bricks":3,"minecraft:beef":18,"minecraft:poppy":2,"minecraft:chest":1,"minecraft:raw_iron":7,"farmersdelight:cabbage_crate":5,"minecraft:bowl":22,"minecraft:carrot":1,"minecraft:arrow":6,"minecraft:beetroot_seeds":4,"relics:spatial_sign":1,"minecraft:deepslate_bricks":1,"farmersdelight:hamburger":6,"minecraft:hay_block":26,"born_in_chaos_v1:fused_bone":5,"minecraft:white_wool":2,"minecraft:stripped_oak_log":1,"born_in_chaos_v1:monster_flesh":7,"minecraft:leather":21,"minecraft:blackstone_slab":2,"warriorsofpastepoch:azure_fabric":1,"minecraft:oak_log":13,"minecraft:chainmail_chestplate":3,"minecraft:gunpowder":6,"farmersdelight:honey_glazed_ham_block":1,"born_in_chaos_v1:soul_cutlass":2,"minecraft:iron_ingot":11,"minecraft:cobweb":4,"minecraft:glass_bottle":2,"farmersdelight:dumplings":3,"minecraft:iron_sword":1,"born_in_chaos_v1:death_totem":1,"born_in_chaos_v1:ethereal_spirit":5,"travelersbackpack:blue_sleeping_bag":1,"minecraft:spruce_log":7,"minecraft:spider_eye":1,"simplyswords:diamond_greathammer":3,"minecraft:slime_ball":2,"minecraft:gray_wool":2}},"DataVersion":3465}