{"stats":{"minecraft:picked_up":{"alexsmobs:maggot":2,"minecraft:dirt":2},"minecraft:custom":{"minecraft:jump":42,"minecraft:time_since_rest":11849,"minecraft:damage_dealt":115,"minecraft:crouch_one_cm":424,"minecraft:leave_game":1,"minecraft:play_time":11849,"minecraft:sprint_one_cm":11911,"minecraft:damage_taken":30,"minecraft:time_since_death":11849,"minecraft:walk_one_cm":16480,"minecraft:sneak_time":411,"minecraft:climb_one_cm":643,"minecraft:total_world_time":11849,"minecraft:mob_kills":2,"minecraft:drop":2,"minecraft:fall_one_cm":1165,"minecraft:fly_one_cm":61786},"minecraft:killed":{"alexsmobs:fly":2},"minecraft:mined":{"minecraft:grass_block":2,"biomesoplenty:bush":2},"minecraft:dropped":{"minecraft:oak_leaves":2},"minecraft:used":{"minecraft:dirt":2}},"DataVersion":3465}