{"stats":{"minecraft:crafted":{"minecraft:oak_planks":24,"minecraft:bread":9,"minecraft:air":0,"minecraft:stick":8,"minecraft:wooden_axe":1,"farmersdelight:tomato_sauce":1,"farmersdelight:tomato":36,"farmersdelight:onion":9,"minecraft:wheat":27},"minecraft:picked_up":{"minecraft:charcoal":2,"minecraft:crafting_table":3,"minecraft:allium":3,"minecraft:wheat":1,"farmersdelight:onion_crate":1,"minecraft:blackstone_slab":2,"farmersdelight:tomato_sauce":2,"minecraft:oak_log":6,"farmersdelight:tomato":1,"minecraft:dirt":2,"minecraft:item_frame":7,"minecraft:blackstone":2,"minecraft:cracked_stone_bricks":1,"minecraft:wheat_seeds":8,"traveloptics:lightning_echo":3,"irons_spellbooks:inscription_table":1,"minecraft:oak_planks":1,"minecraft:raw_iron":7,"apotheosis:gem":4,"simplyswords:diamond_greathammer":2,"minecraft:polished_andesite":1,"farmersdelight:tomato_crate":4,"farmersdelight:onion":3,"minecraft:deepslate_bricks":1,"minecraft:hay_block":4,"minecraft:bread":4,"alexsmobs:maggot":2,"minecraft:cobblestone":3,"minecraft:andesite_slab":2},"minecraft:custom":{"lootr:looted_stat":7,"minecraft:mob_kills":3,"minecraft:interact_with_crafting_table":2,"minecraft:leave_game":1,"minecraft:time_since_death":19947,"minecraft:climb_one_cm":803,"minecraft:time_since_rest":19981,"minecraft:sprint_one_cm":73308,"minecraft:damage_taken":1091,"minecraft:walk_one_cm":70797,"minecraft:drop":28,"minecraft:damage_dealt":176,"minecraft:fly_one_cm":102992,"minecraft:crouch_one_cm":1023,"minecraft:play_time":35849,"minecraft:deaths":2,"minecraft:sneak_time":648,"minecraft:interact_with_lectern":1,"minecraft:jump":246,"minecraft:walk_on_water_one_cm":171,"minecraft:total_world_time":35849,"minecraft:interact_with_smoker":3,"minecraft:fall_one_cm":14135},"minecraft:killed":{"alexsmobs:fly":3},"minecraft:killed_by":{"born_in_chaos_v1:corpse_fly":2},"minecraft:mined":{"farmersdelight:onions":1,"minecraft:blackstone":2,"farmersdelight:tomato_crate":4,"minecraft:crafting_table":2,"gravestone:gravestone":2,"biomesoplenty:bush":2,"minecraft:blackstone_slab":2,"minecraft:grass_block":2,"minecraft:andesite_slab":2,"minecraft:campfire":1,"farmersdelight:onion_crate":1,"minecraft:deepslate_bricks":1,"minecraft:tall_grass":1,"minecraft:oak_planks":2,"minecraft:hay_block":4,"farmersdelight:wild_onions":1,"minecraft:iron_ore":7,"minecraft:wheat":2,"minecraft:grass":1,"minecraft:oak_log":6,"minecraft:cracked_stone_bricks":1,"irons_spellbooks:inscription_table":1,"minecraft:polished_andesite":2,"minecraft:stone":5},"minecraft:dropped":{"minecraft:bread":4,"alexsmobs:maggot":1,"minecraft:wheat_seeds":7,"minecraft:bowl":1,"farmersdelight:tomato_sauce":1,"minecraft:allium":3,"simplyswords:diamond_greathammer":1,"gravestone:obituary":2,"farmersdelight:onion":9,"traveloptics:lightning_echo":4,"minecraft:oak_leaves":2,"farmersdelight:tomato":36},"minecraft:used":{"minecraft:polished_andesite":1,"minecraft:oak_planks":4,"minecraft:andesite_slab":2,"minecraft:blackstone":2,"minecraft:deepslate_bricks":1,"minecraft:dirt":2,"minecraft:crafting_table":2,"minecraft:wooden_axe":9,"alexsmobs:maggot":1,"minecraft:iron_pickaxe":22,"minecraft:item_frame":10,"minecraft:blackstone_slab":2,"farmersdelight:tomato_sauce":9,"minecraft:cobblestone":3,"minecraft:hay_block":1,"minecraft:iron_leggings":1}},"DataVersion":3465}