{"stats":{"minecraft:dropped":{"farmersdelight:hamburger":8,"minecraft:bread":3,"born_in_chaos_v1:mint_candy":8,"minecraft:wheat_seeds":1,"minecraft:crafting_table":1,"minecraft:leather":5,"travelersbackpack:blue_sleeping_bag":1,"iceandfire:ectoplasm":1,"minecraft:cracked_stone_bricks":4,"born_in_chaos_v1:soul_cutlass":1,"minecraft:emerald":76,"farmersdelight:salmon_roll":3,"minecraft:gray_wool":2,"born_in_chaos_v1:fused_bone":3,"minecraft:bone_meal":1,"minecraft:iron_axe":2,"traveloptics:lightning_echo":4,"minecraft:paper":3,"minecraft:bucket":1,"minecraft:goat_horn":2,"minecraft:wheat":1,"born_in_chaos_v1:ethereal_spirit":2,"farmersdelight:tomato_sauce":1,"minecraft:chainmail_chestplate":1,"minecraft:diamond_sword":1,"minecraft:gunpowder":2,"travelersbackpack:white_sleeping_bag":1,"apotheosis:gem":3,"minecraft:oak_sapling":1,"simplyswords:diamond_greathammer":1,"minecraft:arrow":5,"farmersdelight:ratatouille":1,"relics:spatial_sign":1},"minecraft:custom":{"minecraft:interact_with_smithing_table":3,"lootr:looted_stat":63,"minecraft:mob_kills":132,"minecraft:interact_with_crafting_table":14,"minecraft:open_barrel":5,"minecraft:bell_ring":6,"minecraft:damage_dealt_resisted":1825,"minecraft:leave_game":3,"minecraft:time_since_death":160038,"minecraft:climb_one_cm":4695,"minecraft:damage_resisted":0,"minecraft:sprint_one_cm":566376,"minecraft:walk_one_cm":918216,"minecraft:drop":147,"minecraft:talked_to_villager":6,"minecraft:play_time":160038,"minecraft:sneak_time":2895,"minecraft:walk_under_water_one_cm":22523,"minecraft:interact_with_lectern":3,"minecraft:jump":2398,"minecraft:walk_on_water_one_cm":66698,"minecraft:total_world_time":160038,"minecraft:interact_with_furnace":2,"minecraft:sleep_in_bed":1,"minecraft:time_since_rest":26608,"minecraft:waystone_activated":1,"minecraft:damage_taken":3566,"minecraft:trigger_trapped_chest":1,"minecraft:damage_dealt":16249,"minecraft:swim_one_cm":129047,"minecraft:fly_one_cm":345384,"minecraft:open_chest":2,"minecraft:crouch_one_cm":10928,"minecraft:interact_with_smoker":4,"minecraft:fall_one_cm":71245,"minecraft:inspect_dispenser":2},"minecraft:mined":{"minecraft:mossy_cobblestone":1,"farmersdelight:wild_carrots":3,"born_in_chaos_v1:infected_diamond_ore":1,"minecraft:stone_brick_wall":1,"minecraft:grass_block":2,"minecraft:spruce_leaves":4,"minecraft:moss_block":1,"minecraft:spawner":2,"farmersdelight:wild_onions":1,"minecraft:fire":27,"biomesoplenty:lavender":1,"minecraft:bookshelf":2,"biomesoplenty:webbing":3,"minecraft:iron_bars":1,"minecraft:stone":15,"minecraft:crafting_table":3,"immersive_weathering:soot":1,"minecraft:campfire":1,"farmersdelight:cabbages":6,"minecraft:tall_grass":3,"minecraft:wall_torch":1,"realmrpg_skeletons:bow_skeleton":1,"minecraft:birch_leaves":1,"minecraft:tnt":9,"minecraft:stone_brick_stairs":1,"minecraft:grass":19,"biomesoplenty:clover":1,"minecraft:oak_log":5,"minecraft:dirt":1,"minecraft:cobweb":9,"minecraft:wither_skeleton_skull":3,"minecraft:oak_leaves":11},"minecraft:used":{"farmersdelight:cabbage_seeds":6,"minecraft:chest":1,"travelersbackpack:bat":16,"minecraft:torch":1,"goety:haunted_log":1,"minecraft:dirt":2,"farmersdelight:beef_patty":1,"born_in_chaos_v1:corpse_maggot":2,"alexsmobs:maggot":1,"born_in_chaos_v1:mint_candy":3,"minecraft:iron_boots":1,"minecraft:bow":3,"born_in_chaos_v1:fel_lamp":1,"minecraft:oak_sapling":3,"minecraft:goat_horn":26,"minecraft:furnace":1,"farmersdelight:hamburger":7,"farmersdelight:shepherds_pie":1,"minecraft:polished_andesite":1,"minecraft:oak_planks":4,"minecraft:mossy_cobblestone":1,"minecraft:tnt":8,"minecraft:crafting_table":4,"minecraft:crossbow":1,"born_in_chaos_v1:holiday_candy":5,"farmersdelight:ratatouille":3,"minecraft:diamond_pickaxe":25,"minecraft:bread":27,"minecraft:spruce_sapling":1,"minecraft:diamond_sword":534,"minecraft:porkchop":4,"minecraft:smithing_table":1,"minecraft:polished_blackstone_button":1,"minecraft:experience_bottle":1,"farmersdelight:kelp_roll_slice":1},"minecraft:killed":{"goety:heretic":2,"alexsmobs:dropbear":2,"minecraft:cave_spider":4,"born_in_chaos_v1:mr_pumpkin":4,"minecraft:witch":1,"born_in_chaos_v1:restless_spirit":1,"goety:maverick":2,"minecraft:spider":8,"minecraft:vindicator":1,"royalvariations:royal_skeleton":1,"born_in_chaos_v1:siamese_skeletonsright":1,"born_in_chaos_v1:baby_skeleton_minion":1,"born_in_chaos_v1:maggot":4,"born_in_chaos_v1:pumpkinhead":1,"naturalist:snail":1,"minecraft:skeleton":1,"goety:reaper":1,"born_in_chaos_v1:corpse_fish":2,"born_in_chaos_v1:supreme_bonescaller_stage_2":1,"goety:web_spider":1,"goety:obsidian_monolith":1,"born_in_chaos_v1:spiritof_chaos":3,"born_in_chaos_v1:felsteed":1,"born_in_chaos_v1:bonescaller":1,"minecraft:pig":2,"born_in_chaos_v1:bone_imp_minion":3,"born_in_chaos_v1:baby_skeleton":2,"born_in_chaos_v1:diamond_termite":3,"born_in_chaos_v1:bone_imp":2,"minecraft:iron_golem":2,"minecraft:creeper":5,"born_in_chaos_v1:decrepit_skeleton":2,"minecraft:pillager":11,"minecraft:zombie":12,"iceandfire:ghost":4,"born_in_chaos_v1:dread_hound":1,"born_in_chaos_v1:corpse_fly":2,"alexsmobs:gazelle":1,"minecraft:stray":1,"born_in_chaos_v1:siamese_skeletonsleft":1,"minecraft:cow":30},"minecraft:crafted":{"minecraft:oak_planks":18,"farmersdelight:cabbage":36,"minecraft:furnace":1,"travelersbackpack:bat":2,"farmersdelight:ratatouille":3,"travelersbackpack:gold_tier_upgrade":1,"travelersbackpack:white_sleeping_bag":1,"farmersdelight:tomato_sauce":3,"minecraft:chest":1,"farmersdelight:hamburger":13,"travelersbackpack:iron_tier_upgrade":1,"minecraft:crafting_table":2,"minecraft:wooden_pickaxe":1,"minecraft:smithing_table":1,"minecraft:bucket":1,"travelersbackpack:blue_sleeping_bag":1,"minecraft:air":0,"minecraft:blue_dye":1,"minecraft:diamond_pickaxe":1,"minecraft:stick":4,"minecraft:torch":4,"farmersdelight:onion":36},"minecraft:picked_up":{"irons_spellbooks:scroll":3,"minecraft:crafting_table":3,"born_in_chaos_v1:diamond_termite_shard":4,"minecraft:wheat":1,"minecraft:allium":3,"minecraft:flower_pot":2,"minecraft:diamond_sword":1,"minecraft:stone_brick_wall":1,"minecraft:stone_brick_stairs":1,"born_in_chaos_v1:holiday_candy":5,"alexsmobs:gazelle_horn":1,"minecraft:string":24,"minecraft:iron_axe":2,"minecraft:iron_leggings":1,"minecraft:item_frame":1,"minecraft:beetroot":9,"born_in_chaos_v1:chocolate_heart":11,"minecraft:cracked_stone_bricks":4,"irons_spellbooks:arcane_essence":6,"farmersdelight:beef_patty":14,"minecraft:cobbled_deepslate":1,"farmersdelight:cabbage":15,"minecraft:spruce_planks":3,"minecraft:beef":59,"born_in_chaos_v1:smoldering_infernal_ember":16,"irons_spellbooks:epic_ink":1,"minecraft:poppy":2,"farmersdelight:cabbage_seeds":16,"minecraft:stick":5,"apotheosis:gem":11,"farmersdelight:potato_crate":4,"farmersdelight:rotten_tomato":2,"farmersdelight:cabbage_crate":4,"farmersdelight:minced_beef":14,"minecraft:torch":2,"minecraft:bowl":12,"travelersbackpack:iron_tier_upgrade":1,"minecraft:spruce_stairs":1,"born_in_chaos_v1:pumpkinstaffa":1,"minecraft:porkchop":5,"born_in_chaos_v1:coffee_candy":14,"minecraft:trident":1,"minecraft:carrot":12,"minecraft:goat_horn":2,"irons_spellbooks:evocation_rune":2,"minecraft:tnt":9,"farmersdelight:tomato_crate":4,"minecraft:arrow":14,"minecraft:rotten_flesh":8,"farmersdelight:onion":19,"relics:horse_flute":1,"minecraft:hay_block":2,"farmersdelight:hamburger":2,"minecraft:gold_ingot":2,"minecraft:mutton":1,"farmersdelight:beetroot_crate":4,"born_in_chaos_v1:gummy_vampire_teeth":14,"minecraft:cobblestone":19,"born_in_chaos_v1:fused_bone":3,"born_in_chaos_v1:corpse_maggot":2,"farmersdelight:onion_crate":4,"farmersdelight:rice":9,"born_in_chaos_v1:monster_flesh":2,"born_in_chaos_v1:spiritual_dust":1,"minecraft:leather":24,"born_in_chaos_v1:mint_ice_cream":7,"minecraft:potato":9,"born_in_chaos_v1:staff_of_magic_arrows":1,"farmersdelight:shepherds_pie":2,"minecraft:oak_log":5,"goety:haunted_log":1,"minecraft:chainmail_chestplate":2,"farmersdelight:roast_chicken_block":1,"iceandfire:ectoplasm":1,"minecraft:gunpowder":4,"minecraft:wither_skeleton_skull":3,"farmersdelight:carrot_crate":4,"farmersdelight:skillet":2,"farmersdelight:tomato":71,"minecraft:lapis_lazuli":1,"minecraft:dirt":5,"minecraft:paper":3,"minecraft:white_banner":1,"irons_spellbooks:rare_ink":2,"born_in_chaos_v1:monster_skin":1,"minecraft:leather_boots":1,"minecraft:bone":13,"born_in_chaos_v1:soul_cutlass":1,"minecraft:stone_bricks":1,"minecraft:bow":1,"born_in_chaos_v1:bagof_candy":1,"minecraft:wheat_seeds":4,"trials:ominous_bottle":1,"relics:infinity_ham":1,"born_in_chaos_v1:caramel_pepper":13,"born_in_chaos_v1:fel_lamp":1,"traveloptics:lightning_echo":4,"minecraft:oak_planks":15,"born_in_chaos_v1:mint_candy":19,"travelersbackpack:blank_upgrade":8,"immersive_weathering:tallow":4,"minecraft:book":9,"irons_spellbooks:frozen_bone":1,"irons_spellbooks:legendary_ink":2,"born_in_chaos_v1:orbofthe_summoner":1,"born_in_chaos_v1:ethereal_spirit":3,"minecraft:spruce_sapling":1,"minecraft:spider_eye":4,"minecraft:mossy_cobblestone":1,"travelersbackpack:white_sleeping_bag":1,"minecraft:polished_andesite":1,"minecraft:polished_blackstone_button":1,"minecraft:iron_helmet":1,"minecraft:crossbow":1,"minecraft:cherry_sapling":1,"minecraft:bone_meal":1,"minecraft:grass":1,"farmersdelight:rice_bag":4,"minecraft:gray_wool":2,"minecraft:emerald":60,"minecraft:bread":13,"alexsmobs:maggot":1,"minecraft:oak_sapling":7,"born_in_chaos_v1:rotten_fish":2,"minecraft:coal":1,"minecraft:ender_pearl":1}},"DataVersion":3465}