{"stats":{"minecraft:crafted":{"minecraft:oak_planks":10,"minecraft:diamond_pickaxe":1,"minecraft:crafting_table":1,"minecraft:stick":4,"minecraft:wooden_pickaxe":1,"farmersdelight:tomato_sauce":3},"minecraft:picked_up":{"minecraft:book":3,"minecraft:allium":3,"minecraft:stick":3,"minecraft:crafting_table":1,"apotheosis:gem":1,"minecraft:porkchop":5,"minecraft:oak_log":3,"minecraft:spruce_sapling":1,"minecraft:wither_skeleton_skull":3,"farmersdelight:tomato":40,"minecraft:dirt":1,"minecraft:tnt":2,"minecraft:arrow":2,"farmersdelight:onion":10,"alexsmobs:maggot":1,"minecraft:oak_sapling":3,"immersive_weathering:tallow":4},"minecraft:custom":{"minecraft:time_since_rest":28369,"lootr:looted_stat":1,"minecraft:sprint_one_cm":47591,"minecraft:damage_taken":265,"minecraft:walk_one_cm":116415,"minecraft:mob_kills":3,"minecraft:drop":4,"minecraft:damage_dealt":280,"minecraft:interact_with_crafting_table":2,"minecraft:fly_one_cm":21227,"minecraft:open_barrel":3,"minecraft:crouch_one_cm":1710,"minecraft:play_time":28369,"minecraft:sneak_time":674,"minecraft:jump":209,"minecraft:leave_game":1,"minecraft:walk_on_water_one_cm":107,"minecraft:time_since_death":28369,"minecraft:climb_one_cm":1369,"minecraft:total_world_time":28369,"minecraft:interact_with_smoker":2,"minecraft:fall_one_cm":4017},"minecraft:killed":{"minecraft:skeleton":1,"minecraft:pig":2},"minecraft:mined":{"farmersdelight:wild_onions":1,"realmrpg_skeletons:bow_skeleton":1,"minecraft:tnt":2,"minecraft:crafting_table":2,"minecraft:grass":4,"minecraft:bookshelf":1,"minecraft:oak_log":3,"minecraft:dirt":1,"minecraft:tall_grass":3,"minecraft:wither_skeleton_skull":3,"minecraft:spruce_leaves":4,"minecraft:oak_leaves":7},"minecraft:dropped":{"apotheosis:gem":1,"farmersdelight:tomato_sauce":1,"minecraft:arrow":2},"minecraft:used":{"alexsmobs:maggot":1,"minecraft:bread":1,"minecraft:spruce_sapling":1,"minecraft:crafting_table":2,"minecraft:oak_sapling":1,"minecraft:porkchop":4}},"DataVersion":3465}