{"stats":{"minecraft:used":{"immersive_weathering:permafrost":16},"minecraft:custom":{"minecraft:jump":116,"minecraft:time_since_rest":5336,"minecraft:crouch_one_cm":67,"minecraft:damage_dealt":560,"minecraft:sprint_one_cm":5489,"minecraft:walk_on_water_one_cm":17,"minecraft:leave_game":2,"minecraft:play_time":5336,"minecraft:damage_taken":60,"minecraft:time_since_death":5336,"minecraft:walk_one_cm":4880,"minecraft:sneak_time":253,"minecraft:climb_one_cm":16,"minecraft:total_world_time":5336,"minecraft:walk_under_water_one_cm":170,"minecraft:mob_kills":2,"minecraft:fall_one_cm":209,"minecraft:fly_one_cm":97770,"minecraft:damage_dealt_resisted":0},"minecraft:killed":{"minecraft:husk":1,"born_in_chaos_v1:maggot":1}},"DataVersion":3465}