{"stats":{"minecraft:used":{"alexsmobs:maggot":1,"minecraft:diamond_pickaxe":1,"minecraft:polished_andesite":1,"minecraft:bread":4,"minecraft:oak_planks":4,"minecraft:spruce_sapling":1,"minecraft:iron_boots":1,"minecraft:crafting_table":2,"minecraft:oak_sapling":1,"minecraft:porkchop":4,"minecraft:polished_blackstone_button":1},"minecraft:custom":{"minecraft:time_since_rest":48875,"minecraft:sprint_one_cm":67162,"minecraft:damage_taken":376,"minecraft:walk_one_cm":259684,"minecraft:mob_kills":3,"minecraft:drop":14,"minecraft:damage_dealt":285,"minecraft:talked_to_villager":2,"minecraft:interact_with_crafting_table":3,"minecraft:fly_one_cm":27876,"minecraft:open_barrel":5,"minecraft:play_time":48875,"minecraft:crouch_one_cm":2183,"minecraft:bell_ring":6,"minecraft:sneak_time":793,"minecraft:interact_with_lectern":3,"minecraft:jump":305,"minecraft:leave_game":2,"minecraft:time_since_death":48875,"minecraft:walk_on_water_one_cm":107,"minecraft:total_world_time":48875,"minecraft:interact_with_smoker":3,"minecraft:climb_one_cm":1421,"minecraft:fall_one_cm":8952,"lootr:looted_stat":15},"minecraft:picked_up":{"born_in_chaos_v1:fused_bone":1,"minecraft:wheat":1,"minecraft:crafting_table":1,"minecraft:stick":3,"apotheosis:gem":1,"minecraft:allium":3,"minecraft:porkchop":5,"minecraft:stone_brick_stairs":1,"minecraft:oak_log":3,"minecraft:spruce_sapling":1,"minecraft:wither_skeleton_skull":3,"farmersdelight:tomato":40,"minecraft:dirt":1,"minecraft:tnt":2,"minecraft:polished_andesite":1,"minecraft:arrow":2,"farmersdelight:onion":10,"minecraft:polished_blackstone_button":1,"minecraft:bread":4,"alexsmobs:maggot":1,"minecraft:oak_sapling":3,"traveloptics:lightning_echo":4,"minecraft:oak_planks":1,"immersive_weathering:tallow":4,"minecraft:cobblestone":2,"minecraft:book":3},"minecraft:crafted":{"minecraft:oak_planks":10,"minecraft:diamond_pickaxe":1,"minecraft:crafting_table":1,"minecraft:stick":4,"minecraft:wooden_pickaxe":1,"farmersdelight:tomato_sauce":3,"minecraft:torch":4,"minecraft:air":0},"minecraft:dropped":{"minecraft:bread":3,"minecraft:wheat":1,"apotheosis:gem":1,"born_in_chaos_v1:fused_bone":1,"farmersdelight:tomato_sauce":1,"simplyswords:diamond_greathammer":1,"minecraft:arrow":2,"traveloptics:lightning_echo":4},"minecraft:mined":{"farmersdelight:wild_onions":1,"realmrpg_skeletons:bow_skeleton":1,"minecraft:tnt":2,"minecraft:stone_brick_stairs":1,"minecraft:crafting_table":2,"minecraft:grass":4,"minecraft:bookshelf":1,"minecraft:oak_log":3,"minecraft:dirt":1,"minecraft:tall_grass":3,"minecraft:wither_skeleton_skull":3,"minecraft:spruce_leaves":4,"minecraft:oak_leaves":7},"minecraft:killed":{"minecraft:skeleton":1,"minecraft:pig":2}},"DataVersion":3465}