{"stats":{"minecraft:crafted":{"minecraft:oak_planks":10,"minecraft:diamond_pickaxe":1,"minecraft:crafting_table":1,"minecraft:stick":4,"minecraft:wooden_pickaxe":1,"farmersdelight:tomato_sauce":3,"minecraft:torch":4,"minecraft:air":0},"minecraft:picked_up":{"minecraft:book":3,"minecraft:wheat":1,"minecraft:allium":3,"minecraft:stick":3,"minecraft:crafting_table":1,"apotheosis:gem":1,"minecraft:porkchop":5,"minecraft:stone_brick_stairs":1,"minecraft:oak_log":3,"minecraft:spruce_sapling":1,"minecraft:wither_skeleton_skull":3,"farmersdelight:tomato":40,"minecraft:dirt":1,"minecraft:polished_andesite":1,"minecraft:tnt":2,"minecraft:arrow":2,"farmersdelight:onion":10,"minecraft:polished_blackstone_button":1,"minecraft:bread":4,"alexsmobs:maggot":1,"minecraft:oak_sapling":3,"minecraft:oak_planks":1,"immersive_weathering:tallow":4,"minecraft:cobblestone":2},"minecraft:custom":{"minecraft:time_since_rest":40369,"lootr:looted_stat":10,"minecraft:sprint_one_cm":55926,"minecraft:damage_taken":349,"minecraft:walk_one_cm":184141,"minecraft:mob_kills":3,"minecraft:drop":9,"minecraft:damage_dealt":285,"minecraft:interact_with_crafting_table":2,"minecraft:fly_one_cm":27555,"minecraft:open_barrel":4,"minecraft:crouch_one_cm":2123,"minecraft:play_time":40369,"minecraft:sneak_time":778,"minecraft:interact_with_lectern":3,"minecraft:jump":278,"minecraft:leave_game":1,"minecraft:walk_on_water_one_cm":107,"minecraft:time_since_death":40369,"minecraft:climb_one_cm":1421,"minecraft:total_world_time":40369,"minecraft:interact_with_smoker":2,"minecraft:fall_one_cm":7597},"minecraft:killed":{"minecraft:skeleton":1,"minecraft:pig":2},"minecraft:mined":{"farmersdelight:wild_onions":1,"realmrpg_skeletons:bow_skeleton":1,"minecraft:stone_brick_stairs":1,"minecraft:tnt":2,"minecraft:crafting_table":2,"minecraft:grass":4,"minecraft:bookshelf":1,"minecraft:oak_log":3,"minecraft:dirt":1,"minecraft:tall_grass":3,"minecraft:wither_skeleton_skull":3,"minecraft:spruce_leaves":4,"minecraft:oak_leaves":7},"minecraft:dropped":{"minecraft:wheat":1,"apotheosis:gem":1,"simplyswords:diamond_greathammer":1,"farmersdelight:tomato_sauce":1,"minecraft:arrow":2,"minecraft:bread":3},"minecraft:used":{"alexsmobs:maggot":1,"minecraft:diamond_pickaxe":1,"minecraft:polished_andesite":1,"minecraft:bread":3,"minecraft:oak_planks":4,"minecraft:spruce_sapling":1,"minecraft:crafting_table":2,"minecraft:oak_sapling":1,"minecraft:porkchop":4,"minecraft:polished_blackstone_button":1}},"DataVersion":3465}