{"stats":{"minecraft:mined":{"minecraft:mossy_cobblestone":1,"farmersdelight:wild_carrots":3,"born_in_chaos_v1:infected_diamond_ore":1,"minecraft:stone_brick_wall":1,"minecraft:spruce_leaves":4,"minecraft:spawner":2,"farmersdelight:wild_onions":1,"minecraft:fire":27,"minecraft:bookshelf":2,"minecraft:iron_bars":1,"biomesoplenty:webbing":3,"minecraft:stone":14,"minecraft:crafting_table":2,"minecraft:campfire":1,"minecraft:tall_grass":3,"minecraft:wall_torch":1,"realmrpg_skeletons:bow_skeleton":1,"minecraft:birch_leaves":1,"minecraft:tnt":8,"minecraft:stone_brick_stairs":1,"minecraft:grass":18,"biomesoplenty:clover":1,"minecraft:oak_log":3,"minecraft:dirt":1,"minecraft:cobweb":2,"minecraft:wither_skeleton_skull":3,"minecraft:oak_leaves":8},"minecraft:custom":{"lootr:looted_stat":50,"minecraft:mob_kills":62,"minecraft:interact_with_crafting_table":7,"minecraft:open_barrel":5,"minecraft:bell_ring":6,"minecraft:damage_dealt_resisted":848,"minecraft:leave_game":2,"minecraft:time_since_death":114238,"minecraft:climb_one_cm":3723,"minecraft:damage_resisted":0,"minecraft:sprint_one_cm":344571,"minecraft:walk_one_cm":671301,"minecraft:drop":127,"minecraft:talked_to_villager":5,"minecraft:play_time":114238,"minecraft:sneak_time":1928,"minecraft:walk_under_water_one_cm":15822,"minecraft:interact_with_lectern":3,"minecraft:jump":1299,"minecraft:walk_on_water_one_cm":29233,"minecraft:total_world_time":114238,"minecraft:interact_with_furnace":2,"minecraft:time_since_rest":114238,"minecraft:damage_taken":2155,"minecraft:damage_dealt":9144,"minecraft:swim_one_cm":31746,"minecraft:fly_one_cm":173788,"minecraft:crouch_one_cm":6906,"minecraft:interact_with_smoker":3,"minecraft:fall_one_cm":32761},"minecraft:dropped":{"minecraft:bread":3,"minecraft:wheat_seeds":1,"born_in_chaos_v1:mint_candy":8,"travelersbackpack:blue_sleeping_bag":1,"minecraft:cracked_stone_bricks":4,"born_in_chaos_v1:soul_cutlass":1,"minecraft:emerald":76,"farmersdelight:salmon_roll":3,"born_in_chaos_v1:fused_bone":3,"minecraft:bone_meal":1,"minecraft:iron_axe":1,"traveloptics:lightning_echo":4,"minecraft:paper":3,"minecraft:goat_horn":2,"minecraft:wheat":1,"born_in_chaos_v1:ethereal_spirit":2,"farmersdelight:tomato_sauce":1,"travelersbackpack:white_sleeping_bag":1,"apotheosis:gem":3,"simplyswords:diamond_greathammer":1,"minecraft:arrow":5,"farmersdelight:ratatouille":1,"relics:spatial_sign":1},"minecraft:killed":{"goety:heretic":2,"alexsmobs:dropbear":2,"minecraft:cave_spider":4,"born_in_chaos_v1:mr_pumpkin":4,"born_in_chaos_v1:restless_spirit":1,"goety:maverick":2,"minecraft:vindicator":1,"minecraft:spider":1,"born_in_chaos_v1:siamese_skeletonsright":1,"born_in_chaos_v1:maggot":1,"naturalist:snail":1,"born_in_chaos_v1:pumpkinhead":1,"minecraft:skeleton":1,"goety:reaper":1,"born_in_chaos_v1:corpse_fish":2,"goety:obsidian_monolith":1,"born_in_chaos_v1:spiritof_chaos":1,"born_in_chaos_v1:felsteed":1,"minecraft:pig":2,"born_in_chaos_v1:diamond_termite":3,"born_in_chaos_v1:baby_skeleton":1,"born_in_chaos_v1:bone_imp":2,"minecraft:creeper":3,"minecraft:pillager":11,"minecraft:zombie":6,"born_in_chaos_v1:corpse_fly":1,"born_in_chaos_v1:siamese_skeletonsleft":1,"minecraft:cow":4},"minecraft:picked_up":{"irons_spellbooks:scroll":3,"minecraft:wheat":1,"born_in_chaos_v1:diamond_termite_shard":4,"minecraft:crafting_table":1,"minecraft:allium":3,"minecraft:stone_brick_wall":1,"minecraft:stone_brick_stairs":1,"born_in_chaos_v1:holiday_candy":5,"minecraft:string":10,"minecraft:iron_axe":2,"minecraft:item_frame":1,"minecraft:beetroot":9,"born_in_chaos_v1:chocolate_heart":11,"minecraft:cracked_stone_bricks":4,"irons_spellbooks:arcane_essence":6,"minecraft:cobbled_deepslate":1,"farmersdelight:cabbage":9,"minecraft:beef":8,"born_in_chaos_v1:smoldering_infernal_ember":16,"irons_spellbooks:epic_ink":1,"minecraft:stick":3,"apotheosis:gem":8,"minecraft:bowl":11,"minecraft:torch":2,"minecraft:spruce_stairs":1,"born_in_chaos_v1:pumpkinstaffa":1,"minecraft:porkchop":5,"born_in_chaos_v1:coffee_candy":14,"minecraft:trident":1,"minecraft:carrot":12,"minecraft:goat_horn":2,"minecraft:tnt":8,"irons_spellbooks:evocation_rune":2,"minecraft:arrow":9,"minecraft:rotten_flesh":4,"relics:horse_flute":1,"farmersdelight:onion":19,"minecraft:hay_block":2,"born_in_chaos_v1:gummy_vampire_teeth":14,"minecraft:cobblestone":18,"born_in_chaos_v1:fused_bone":3,"born_in_chaos_v1:corpse_maggot":2,"farmersdelight:rice":9,"minecraft:leather":4,"born_in_chaos_v1:mint_ice_cream":7,"minecraft:potato":9,"farmersdelight:shepherds_pie":2,"farmersdelight:roast_chicken_block":1,"minecraft:oak_log":3,"goety:haunted_log":1,"minecraft:wither_skeleton_skull":3,"farmersdelight:skillet":2,"minecraft:lapis_lazuli":1,"minecraft:paper":3,"farmersdelight:tomato":49,"minecraft:dirt":1,"minecraft:white_banner":1,"irons_spellbooks:rare_ink":2,"minecraft:bone":5,"born_in_chaos_v1:soul_cutlass":1,"minecraft:stone_bricks":1,"born_in_chaos_v1:bagof_candy":1,"minecraft:wheat_seeds":3,"trials:ominous_bottle":1,"born_in_chaos_v1:caramel_pepper":13,"born_in_chaos_v1:fel_lamp":1,"traveloptics:lightning_echo":4,"minecraft:oak_planks":15,"born_in_chaos_v1:mint_candy":19,"immersive_weathering:tallow":4,"minecraft:book":3,"irons_spellbooks:legendary_ink":2,"born_in_chaos_v1:ethereal_spirit":2,"minecraft:spruce_sapling":1,"minecraft:spider_eye":3,"minecraft:mossy_cobblestone":1,"travelersbackpack:white_sleeping_bag":1,"minecraft:polished_andesite":1,"minecraft:polished_blackstone_button":1,"minecraft:iron_helmet":1,"minecraft:crossbow":1,"minecraft:grass":1,"minecraft:bone_meal":1,"minecraft:bread":13,"minecraft:emerald":60,"alexsmobs:maggot":1,"born_in_chaos_v1:rotten_fish":1,"minecraft:oak_sapling":4,"minecraft:coal":1,"minecraft:ender_pearl":1},"minecraft:crafted":{"minecraft:oak_planks":10,"minecraft:furnace":1,"farmersdelight:ratatouille":3,"travelersbackpack:white_sleeping_bag":1,"farmersdelight:tomato_sauce":3,"minecraft:chest":1,"minecraft:crafting_table":1,"minecraft:wooden_pickaxe":1,"travelersbackpack:blue_sleeping_bag":1,"minecraft:air":0,"minecraft:blue_dye":1,"minecraft:diamond_pickaxe":1,"minecraft:stick":4,"minecraft:torch":4},"minecraft:used":{"farmersdelight:kelp_roll_slice":1,"minecraft:chest":1,"travelersbackpack:bat":9,"minecraft:torch":1,"goety:haunted_log":1,"born_in_chaos_v1:corpse_maggot":2,"alexsmobs:maggot":1,"born_in_chaos_v1:mint_candy":3,"minecraft:iron_boots":1,"minecraft:furnace":1,"born_in_chaos_v1:fel_lamp":1,"minecraft:oak_sapling":1,"minecraft:goat_horn":15,"minecraft:polished_andesite":1,"minecraft:oak_planks":4,"minecraft:mossy_cobblestone":1,"minecraft:tnt":8,"minecraft:crafting_table":2,"minecraft:crossbow":1,"born_in_chaos_v1:holiday_candy":5,"minecraft:diamond_pickaxe":24,"minecraft:bread":27,"minecraft:spruce_sapling":1,"minecraft:diamond_sword":232,"minecraft:porkchop":4,"minecraft:polished_blackstone_button":1,"minecraft:experience_bottle":1}},"DataVersion":3465}