{"stats":{"minecraft:picked_up":{"minecraft:spruce_sapling":1,"minecraft:wither_skeleton_skull":3},"minecraft:custom":{"minecraft:jump":16,"minecraft:time_since_rest":4369,"minecraft:crouch_one_cm":196,"minecraft:leave_game":1,"minecraft:play_time":4369,"minecraft:sprint_one_cm":4849,"minecraft:walk_one_cm":21128,"minecraft:time_since_death":4369,"minecraft:sneak_time":83,"minecraft:climb_one_cm":1061,"minecraft:total_world_time":4369,"minecraft:fall_one_cm":747,"minecraft:fly_one_cm":955},"minecraft:mined":{"minecraft:grass":2,"minecraft:wither_skeleton_skull":3,"minecraft:spruce_leaves":4},"minecraft:used":{"minecraft:spruce_sapling":1}},"DataVersion":3465}