{"stats":{"minecraft:crafted":{"minecraft:oak_planks":8,"minecraft:crafting_table":1,"minecraft:wooden_pickaxe":1},"minecraft:picked_up":{"minecraft:crafting_table":1,"minecraft:stick":3,"minecraft:oak_log":2,"minecraft:spruce_sapling":1,"minecraft:wither_skeleton_skull":3,"minecraft:oak_sapling":1,"minecraft:dirt":1},"minecraft:custom":{"minecraft:open_barrel":3,"minecraft:time_since_rest":16369,"minecraft:crouch_one_cm":1707,"minecraft:sprint_one_cm":26096,"minecraft:play_time":16369,"minecraft:damage_taken":105,"minecraft:walk_one_cm":59533,"minecraft:sneak_time":580,"minecraft:jump":120,"minecraft:damage_dealt":30,"minecraft:leave_game":1,"minecraft:time_since_death":16369,"minecraft:interact_with_smoker":1,"minecraft:total_world_time":16369,"minecraft:climb_one_cm":1369,"minecraft:interact_with_crafting_table":1,"minecraft:fall_one_cm":3332,"minecraft:fly_one_cm":11979},"minecraft:mined":{"minecraft:grass":4,"minecraft:oak_log":2,"minecraft:dirt":1,"minecraft:spruce_leaves":4,"minecraft:wither_skeleton_skull":3,"minecraft:crafting_table":1,"minecraft:oak_leaves":5},"minecraft:used":{"minecraft:crafting_table":1,"minecraft:oak_sapling":1,"minecraft:spruce_sapling":1}},"DataVersion":3465}