{
  "simplyswords:grant_book_on_first_join": {
    "criteria": {
      "tick": "2025-08-03 14:27:18 +0000"
    },
    "done": true
  },
  "minecraft:recipes/decorations/crafting_table": {
    "criteria": {
      "unlock_right_away": "2025-08-03 14:27:18 +0000"
    },
    "done": true
  },
  "goety_cataclysm:root": {
    "criteria": {
      "tick": "2025-08-03 14:27:18 +0000"
    },
    "done": true
  },
  "naturalist:recipes/food/cooked_egg": {
    "criteria": {
      "has_eggs": "2025-08-03 14:27:18 +0000"
    },
    "done": true
  },
  "mowziesmobs:root": {
    "criteria": {
      "custom_test_name": "2025-08-03 14:27:18 +0000"
    },
    "done": true
  },
  "goety:goety/root": {
    "criteria": {
      "tick": "2025-08-03 14:27:18 +0000"
    },
    "done": true
  },
  "traveloptics:root": {
    "criteria": {
      "custom_test_name": "2025-08-03 14:27:18 +0000"
    },
    "done": true
  },
  "irons_spellbooks:grant_patchouli": {
    "criteria": {
      "tick": "2025-08-03 14:27:18 +0000"
    },
    "done": true
  },
  "witherstorm_delight:witherstorm_delight": {
    "criteria": {
      "jojos_bizarre_adventure_0": "2025-08-03 14:27:18 +0000"
    },
    "done": true
  },
  "iceandfire:iceandfire/root": {
    "criteria": {
      "tick": "2025-08-03 14:27:18 +0000"
    },
    "done": true
  },
  "betterdungeons:root": {
    "criteria": {
      "always": "2025-08-03 14:27:18 +0000"
    },
    "done": true
  },
  "skyarena:root": {
    "criteria": {
      "always": "2025-08-03 14:27:18 +0000"
    },
    "done": true
  },
  "legendary_monsters:legendary_monsters_root": {
    "criteria": {
      "custom_test_name": "2025-08-03 14:27:18 +0000"
    },
    "done": true
  },
  "born_in_chaos_v1:bornin_chaos": {
    "criteria": {
      "bornin_chaos_0": "2025-08-03 14:27:18 +0000"
    },
    "done": true
  },
  "legendary_monsters:end_root": {
    "criteria": {
      "custom_test_name": "2025-08-03 14:27:18 +0000"
    },
    "done": true
  },
  "lootr:root": {
    "criteria": {
      "always_true": "2025-08-03 14:27:18 +0000"
    },
    "done": true
  },
  "betterdeserttemples:root": {
    "criteria": {
      "always": "2025-08-03 14:27:18 +0000"
    },
    "done": true
  },
  "cataclysm:root": {
    "criteria": {
      "custom_test_name": "2025-08-03 14:27:18 +0000"
    },
    "done": true
  },
  "goety_spillage:root": {
    "criteria": {
      "tick": "2025-08-03 14:27:18 +0000"
    },
    "done": true
  },
  "totw_modded:root": {
    "criteria": {
      "sample_trigger": "2025-08-03 14:27:18 +0000"
    },
    "done": true
  },
  "farmersdelight:main/root": {
    "criteria": {
      "seeds": "2025-08-03 14:27:18 +0000"
    },
    "done": true
  },
  "apotheosis:give_book": {
    "criteria": {
      "tick": "2025-08-03 14:27:18 +0000"
    },
    "done": true
  },
  "legendary_monsters:nether_root": {
    "criteria": {
      "custom_test_name": "2025-08-03 14:27:18 +0000"
    },
    "done": true
  },
  "moredelight:main/root": {
    "criteria": {
      "seeds": "2025-08-03 14:27:18 +0000"
    },
    "done": true
  },
  "biomesoplenty:biomesoplenty/root": {
    "criteria": {
      "rocky_shrubland": "2025-08-03 14:27:19 +0000"
    },
    "done": true
  },
  "biomesoplenty:biomesoplenty/all_biomes": {
    "criteria": {
      "rocky_shrubland": "2025-08-03 14:27:19 +0000",
      "jade_cliffs": "2025-08-03 14:29:56 +0000",
      "overgrown_greens": "2025-08-03 14:36:06 +0000",
      "spider_nest": "2025-08-03 14:36:28 +0000"
    },
    "done": false
  },
  "ironchest:recipes/decorations/chests/vanilla_dirt_chest": {
    "criteria": {
      "has_iron_ingot": "2025-08-03 14:37:50 +0000"
    },
    "done": true
  },
  "minecraft:adventure/root": {
    "criteria": {
      "killed_something": "2025-08-03 14:33:48 +0000"
    },
    "done": true
  },
  "immersive_weathering:recipes/oak_leaves": {
    "criteria": {
      "has_copper_block": "2025-08-03 14:34:57 +0000"
    },
    "done": true
  },
  "supplementaries:recipes/flower_box": {
    "criteria": {
      "has_dirt": "2025-08-03 14:37:50 +0000"
    },
    "done": true
  },
  "refurbished_furniture:recipes/misc/constructing/oak_hedge": {
    "criteria": {
      "has_oak_leaves": "2025-08-03 14:34:57 +0000"
    },
    "done": true
  },
  "immersive_weathering:immersive_weathering/dirts": {
    "criteria": {
      "dirt": "2025-08-03 14:37:50 +0000"
    },
    "done": false
  },
  "DataVersion": 3465
}